Timestamp (ms),Accel X,Accel Y,Accel Z
9629,-0.11,-0.18,-1.03
9650,-0.11,-0.18,-1.03
9671,-0.11,-0.18,-1.03
9692,-0.11,-0.18,-1.02
9713,-0.11,-0.18,-1.03
9734,-0.11,-0.18,-1.03
9755,-0.11,-0.18,-1.03
9776,-0.1,-0.18,-1.03
9797,-0.09,-0.18,-1.03
9818,-0.09,-0.18,-1.03
9839,-0.09,-0.18,-1.03
9860,-0.11,-0.18,-1.03
9881,-0.13,-0.18,-1.03
9902,-0.12,-0.19,-1.03
9923,-0.12,-0.18,-1.03
9944,-0.11,-0.19,-1.03
9965,-0.1,-0.19,-1.03
9986,-0.09,-0.19,-1.03
10007,-0.09,-0.18,-1.03
10028,-0.09,-0.17,-1.03
10049,-0.11,-0.18,-1.02
10070,-0.12,-0.18,-1.03
10091,-0.12,-0.18,-1.04
10112,-0.11,-0.19,-1.03
10133,-0.09,-0.18,-1.03
10154,-0.09,-0.18,-1.03
10175,-0.09,-0.18,-1.03
10196,-0.1,-0.18,-1.02
10217,-0.11,-0.17,-1.03
10238,-0.11,-0.18,-1.03
10259,-0.11,-0.18,-1.03
10280,-0.11,-0.18,-1.02
10301,-0.11,-0.18,-1.03
10322,-0.11,-0.18,-1.03
10343,-0.1,-0.18,-1.03
10364,-0.11,-0.19,-1.03
10385,-0.1,-0.19,-1.03
10406,-0.09,-0.18,-1.03
10427,-0.09,-0.18,-1.03
10448,-0.09,-0.18,-1.03
10469,-0.11,-0.18,-1.03
10490,-0.12,-0.18,-1.03
10511,-0.12,-0.19,-1.03
10532,-0.1,-0.19,-1.03
10553,-0.1,-0.19,-1.04
10574,-0.09,-0.18,-1.03
10595,-0.09,-0.18,-1.03
10616,-0.1,-0.17,-1.03
10637,-0.11,-0.18,-1.03
10658,-0.11,-0.18,-1.03
10679,-0.11,-0.18,-1.04
10700,-0.11,-0.19,-1.03
10721,-0.1,-0.18,-1.03
10742,-0.1,-0.18,-1.03
10763,-0.11,-0.18,-1.02
10784,-0.11,-0.18,-1.03
10805,-0.1,-0.18,-1.04
10826,-0.1,-0.18,-1.03
10847,-0.11,-0.19,-1.03
10868,-0.1,-0.18,-1.03
10889,-0.1,-0.18,-1.03
10910,-0.1,-0.18,-1.03
10931,-0.09,-0.18,-1.03
10952,-0.1,-0.18,-1.03
10973,-0.1,-0.18,-1.03
10994,-0.11,-0.18,-1.03
11015,-0.12,-0.19,-1.03
11036,-0.11,-0.19,-1.03
11057,-0.11,-0.18,-1.04
11078,-0.1,-0.19,-1.03
11099,-0.09,-0.19,-1.03
11120,-0.09,-0.18,-1.03
11141,-0.1,-0.18,-1.03
11162,-0.11,-0.19,-1.03
11183,-0.11,-0.19,-1.03
11204,-0.11,-0.19,-1.03
11225,-0.1,-0.19,-1.03
11246,-0.1,-0.18,-1.03
11267,-0.1,-0.18,-1.03
11288,-0.1,-0.18,-1.03
11309,-0.1,-0.19,-1.03
11330,-0.11,-0.18,-1.03
11351,-0.11,-0.18,-1.04
11372,-0.11,-0.18,-1.03
11393,-0.11,-0.18,-1.03
11414,-0.1,-0.19,-1.03
11435,-0.1,-0.18,-1.03
11456,-0.1,-0.18,-1.03
11477,-0.1,-0.18,-1.03
11498,-0.11,-0.18,-1.03
11519,-0.11,-0.19,-1.03
11540,-0.11,-0.19,-1.04
11561,-0.11,-0.18,-1.02
11582,-0.09,-0.18,-1.03
11603,-0.1,-0.18,-1.03
11624,-0.1,-0.19,-1.03
11645,-0.1,-0.18,-1.03
11666,-0.1,-0.18,-1.03
11687,-0.11,-0.18,-1.03
11708,-0.11,-0.18,-1.03
11729,-0.11,-0.19,-1.03
11750,-0.11,-0.18,-1.03
11771,-0.1,-0.19,-1.03
11792,-0.1,-0.19,-1.02
11813,-0.1,-0.18,-1.03
11834,-0.1,-0.18,-1.03
11855,-0.1,-0.17,-1.03
11876,-0.1,-0.18,-1.03
11897,-0.12,-0.17,-1.04
11918,-0.13,-0.18,-1.03
11939,-0.12,-0.18,-1.03
11960,-0.11,-0.19,-1.03
11981,-0.1,-0.19,-1.03
12002,-0.1,-0.2,-1.02
12023,-0.1,-0.21,-1.03
12044,-0.1,-0.19,-1.03
12065,-0.11,-0.19,-1.04
12086,-0.11,-0.18,-1.03
12107,-0.1,-0.18,-1.03
12128,-0.11,-0.18,-1.03
12149,-0.11,-0.17,-1.03
12170,-0.11,-0.18,-1.03
12191,-0.1,-0.18,-1.03
12212,-0.11,-0.19,-1.03
12233,-0.11,-0.19,-1.03
12254,-0.11,-0.19,-1.03
12275,-0.11,-0.19,-1.03
12296,-0.12,-0.18,-1.03
12317,-0.11,-0.18,-1.04
12338,-0.11,-0.18,-1.03
12359,-0.11,-0.18,-1.04
12380,-0.1,-0.18,-1.03
12401,-0.1,-0.18,-1.03
12422,-0.1,-0.18,-1.03
12443,-0.1,-0.19,-1.03
12464,-0.1,-0.19,-1.04
12485,-0.1,-0.19,-1.03
12506,-0.1,-0.19,-1.03
12527,-0.11,-0.18,-1.04
12548,-0.11,-0.18,-1.03
12569,-0.11,-0.18,-1.03
12590,-0.1,-0.18,-1.03
12611,-0.1,-0.18,-1.03
12632,-0.08,-0.18,-1.02
12653,-0.09,-0.17,-1.02
12674,-0.11,-0.17,-1.03
12695,-0.11,-0.17,-1.02
12716,-0.12,-0.17,-1.03
12737,-0.14,-0.18,-1.03
12758,-0.14,-0.18,-1.04
12779,-0.14,-0.18,-1.03
12800,-0.13,-0.19,-1.03
12821,-0.11,-0.19,-1.03
12842,-0.09,-0.19,-1.03
12863,-0.08,-0.18,-1.03
12884,-0.1,-0.17,-1.03
12905,-0.11,-0.18,-1.03
12926,-0.11,-0.18,-1.03
12947,-0.1,-0.17,-1.03
12968,-0.09,-0.17,-1.03
12989,-0.1,-0.18,-1.03
13010,-0.1,-0.18,-1.03
13031,-0.1,-0.18,-1.04
13052,-0.1,-0.19,-1.03
13073,-0.1,-0.19,-1.03
13094,-0.11,-0.19,-1.03
13115,-0.11,-0.19,-1.03
13136,-0.11,-0.19,-1.03
13157,-0.11,-0.19,-1.03
13178,-0.11,-0.18,-1.03
13199,-0.1,-0.18,-1.03
13220,-0.1,-0.19,-1.03
13241,-0.1,-0.18,-1.03
13262,-0.1,-0.18,-1.03
13283,-0.1,-0.18,-1.03
13304,-0.11,-0.18,-1.03
13325,-0.11,-0.18,-1.03
13346,-0.1,-0.18,-1.03
13367,-0.09,-0.18,-1.03
13388,-0.09,-0.18,-1.03
13409,-0.09,-0.18,-1.03
13430,-0.09,-0.18,-1.03
13451,-0.09,-0.18,-1.03
13472,-0.1,-0.18,-1.03
13493,-0.11,-0.18,-1.04
13514,-0.11,-0.18,-1.03
13535,-0.11,-0.18,-1.04
13556,-0.09,-0.19,-1.03
13577,-0.09,-0.18,-1.03
13598,-0.09,-0.18,-1.03
13619,-0.09,-0.18,-1.03
13640,-0.09,-0.18,-1.04
13661,-0.12,-0.18,-1.04
13682,-0.12,-0.18,-1.04
13703,-0.12,-0.18,-1.03
13724,-0.11,-0.18,-1.03
13745,-0.11,-0.19,-1.03
13766,-0.1,-0.19,-1.03
13787,-0.1,-0.19,-1.03
13808,-0.09,-0.19,-1.03
13829,-0.08,-0.17,-1.03
13850,-0.09,-0.17,-1.03
13871,-0.11,-0.17,-1.03
13892,-0.11,-0.18,-1.03
13913,-0.11,-0.18,-1.04
13934,-0.11,-0.19,-1.03
13955,-0.11,-0.19,-1.03
13976,-0.11,-0.19,-1.03
13997,-0.1,-0.19,-1.03
14018,-0.09,-0.18,-1.03
14039,-0.1,-0.18,-1.03
14060,-0.1,-0.18,-1.03
14081,-0.1,-0.17,-1.04
14102,-0.1,-0.18,-1.03
14123,-0.1,-0.18,-1.03
14144,-0.1,-0.17,-1.02
14165,-0.1,-0.18,-1.03
14186,-0.11,-0.18,-1.03
14207,-0.11,-0.17,-1.03
14228,-0.1,-0.18,-1.04
14249,-0.1,-0.18,-1.03
14270,-0.09,-0.18,-1.03
14291,-0.09,-0.19,-1.02
14312,-0.1,-0.19,-1.02
14333,-0.1,-0.2,-1.02
14354,-0.11,-0.2,-1.03
14375,-0.11,-0.2,-1.03
14396,-0.1,-0.19,-1.03
14417,-0.1,-0.17,-1.04
14438,-0.1,-0.16,-1.04
14459,-0.1,-0.16,-1.03
14480,-0.11,-0.17,-1.03
14501,-0.11,-0.18,-1.04
14522,-0.11,-0.18,-1.03
14543,-0.1,-0.21,-1.03
14564,-0.09,-0.2,-1.03
14585,-0.09,-0.19,-1.03
14606,-0.1,-0.18,-1.03
14627,-0.11,-0.18,-1.03
14648,-0.11,-0.17,-1.03
14669,-0.11,-0.17,-1.03
14690,-0.11,-0.18,-1.04
14711,-0.1,-0.19,-1.03
14732,-0.09,-0.19,-1.03
14753,-0.09,-0.19,-1.03
14774,-0.1,-0.18,-1.03
14795,-0.11,-0.18,-1.04
14816,-0.12,-0.18,-1.04
14837,-0.12,-0.18,-1.03
14858,-0.11,-0.18,-1.03
14879,-0.09,-0.19,-1.04
14900,-0.09,-0.18,-1.03
14921,-0.09,-0.18,-1.03
14942,-0.1,-0.17,-1.03
14963,-0.11,-0.17,-1.03
14984,-0.12,-0.18,-1.03
15005,-0.12,-0.18,-1.04
15026,-0.1,-0.18,-1.04
15047,-0.1,-0.19,-1.03
15068,-0.08,-0.18,-1.03
15089,-0.09,-0.18,-1.03
15110,-0.09,-0.18,-1.03
15131,-0.1,-0.18,-1.03
15152,-0.12,-0.19,-1.03
15173,-0.13,-0.2,-1.01
15194,-0.09,-0.19,-1.05
15215,-0.1,-0.16,-1.04
15236,-0.11,-0.18,-1.03
15257,-0.09,-0.19,-1.03
15278,-0.1,-0.16,-1.01
15299,-0.12,-0.21,-1.03
15320,-0.12,-0.18,-1.05
15341,-0.13,-0.2,-1.05
15362,-0.11,-0.19,-1.03
15383,-0.06,-0.17,-1.03
15404,-0.05,-0.16,-1.02
15425,-0.08,-0.16,-1.01
15446,-0.11,-0.17,-1.02
15467,-0.13,-0.19,-1.03
15488,-0.14,-0.19,-1.04
15509,-0.13,-0.2,-1.04
15530,-0.1,-0.19,-1.03
15551,-0.09,-0.17,-1.03
15572,-0.08,-0.17,-1.03
15593,-0.08,-0.17,-1.03
15614,-0.09,-0.17,-1.03
15635,-0.11,-0.18,-1.03
15656,-0.12,-0.19,-1.04
15677,-0.13,-0.19,-1.04
15698,-0.12,-0.19,-1.04
15719,-0.1,-0.18,-1.03
15740,-0.09,-0.18,-1.03
15761,-0.09,-0.18,-1.03
15782,-0.1,-0.18,-1.03
15803,-0.1,-0.18,-1.03
15824,-0.1,-0.18,-1.03
15845,-0.11,-0.18,-1.03
15866,-0.1,-0.18,-1.03
15887,-0.11,-0.18,-1.03
15908,-0.11,-0.18,-1.03
15929,-0.11,-0.18,-1.03
15950,-0.1,-0.18,-1.03
15971,-0.1,-0.19,-1.03
15992,-0.1,-0.18,-1.03
16013,-0.1,-0.19,-1.03
16034,-0.1,-0.18,-1.03
16055,-0.1,-0.18,-1.03
16076,-0.09,-0.18,-1.03
16097,-0.1,-0.18,-1.02
16118,-0.11,-0.19,-1.04
16139,-0.11,-0.18,-1.03
16160,-0.11,-0.18,-1.04
16181,-0.1,-0.18,-1.03
16202,-0.1,-0.18,-1.03
16223,-0.09,-0.18,-1.03
16244,-0.1,-0.18,-1.03
16265,-0.1,-0.18,-1.04
16286,-0.11,-0.19,-1.04
16307,-0.1,-0.19,-1.03
16328,-0.1,-0.18,-1.03
16349,-0.11,-0.18,-1.03
16370,-0.11,-0.18,-1.03
16391,-0.11,-0.18,-1.03
16412,-0.11,-0.18,-1.04
16433,-0.07,-0.2,-1.04
16454,-0.09,-0.18,-1.04
16475,-0.09,-0.18,-1.04
16496,-0.08,-0.18,-1.03
16517,-0.09,-0.18,-1.02
16538,-0.1,-0.18,-1.03
16559,-0.11,-0.18,-1.03
16580,-0.11,-0.18,-1.03
16601,-0.09,-0.18,-1.07
16622,-0.1,-0.18,-1.04
16643,-0.09,-0.18,-1.03
16664,-0.09,-0.18,-1.02
16685,-0.09,-0.19,-1.03
16706,-0.1,-0.18,-1.02
16727,-0.11,-0.18,-1.04
16748,-0.12,-0.19,-1.03
16769,-0.11,-0.19,-1.03
16790,-0.1,-0.18,-1.04
16811,-0.09,-0.18,-1.03
16832,-0.09,-0.17,-1.03
16853,-0.09,-0.18,-1.03
16874,-0.09,-0.18,-1.03
16895,-0.11,-0.18,-1.03
16916,-0.12,-0.18,-1.03
16937,-0.12,-0.18,-1.03
16958,-0.11,-0.18,-1.03
16979,-0.09,-0.18,-1.03
17000,-0.08,-0.18,-1.03
17021,-0.08,-0.18,-1.03
17042,-0.09,-0.18,-1.03
17063,-0.11,-0.18,-1.03
17084,-0.12,-0.18,-1.03
17105,-0.12,-0.18,-1.03
17126,-0.12,-0.19,-1.03
17147,-0.1,-0.18,-1.03
17168,-0.08,-0.18,-1.03
17189,-0.09,-0.18,-1.03
17210,-0.09,-0.17,-1.04
17231,-0.1,-0.18,-1.03
17252,-0.11,-0.18,-1.03
17273,-0.11,-0.18,-1.03
17294,-0.11,-0.18,-1.03
17315,-0.1,-0.18,-1.03
17336,-0.09,-0.18,-1.03
17357,-0.1,-0.18,-1.03
17378,-0.1,-0.18,-1.03
17399,-0.11,-0.19,-1.03
17420,-0.11,-0.18,-1.04
17441,-0.09,-0.19,-1.03
17462,-0.1,-0.18,-1.02
17483,-0.09,-0.18,-1.03
17504,-0.1,-0.18,-1.03
17525,-0.1,-0.18,-1.03
17546,-0.1,-0.17,-1.03
17567,-0.1,-0.18,-1.03
17588,-0.1,-0.18,-1.03
17609,-0.11,-0.18,-1.03
17630,-0.1,-0.17,-1.04
17651,-0.13,-0.19,-1.02
17672,-0.11,-0.18,-1.03
17693,-0.1,-0.18,-1.04
17714,-0.1,-0.18,-1.03
17735,-0.07,-0.18,-1.03
17756,-0.08,-0.18,-1.03
17777,-0.08,-0.19,-1.03
17798,-0.08,-0.18,-1.03
17819,-0.1,-0.19,-1.03
17840,-0.1,-0.17,-1.04
17861,-0.1,-0.18,-1.03
17882,-0.1,-0.17,-1.04
17903,-0.09,-0.18,-1.03
17924,-0.08,-0.19,-1.03
17945,-0.08,-0.18,-1.03
17966,-0.1,-0.19,-1.04
17987,-0.11,-0.19,-1.03
18008,-0.11,-0.18,-1.03
18029,-0.12,-0.18,-1.03
18050,-0.12,-0.18,-1.04
18071,-0.12,-0.18,-1.03
18092,-0.11,-0.18,-1.03
18113,-0.09,-0.18,-1.03
18134,-0.09,-0.19,-1.03
18155,-0.09,-0.18,-1.03
18176,-0.1,-0.18,-1.02
18197,-0.1,-0.18,-1.03
18218,-0.11,-0.18,-1.03
18239,-0.12,-0.18,-1.03
18260,-0.11,-0.18,-1.03
18281,-0.1,-0.18,-1.03
18302,-0.08,-0.18,-1.03
18323,-0.09,-0.17,-1.03
18344,-0.09,-0.18,-1.03
18365,-0.1,-0.18,-1.03
18386,-0.11,-0.19,-1.03
18407,-0.11,-0.19,-1.04
18428,-0.11,-0.18,-1.04
18449,-0.1,-0.18,-1.03
18470,-0.09,-0.18,-1.03
18491,-0.09,-0.18,-1.02
18512,-0.1,-0.18,-1.03
18533,-0.1,-0.18,-1.03
18554,-0.1,-0.18,-1.03
18575,-0.1,-0.18,-1.04
18596,-0.1,-0.18,-1.04
18617,-0.1,-0.18,-1.03
18638,-0.09,-0.18,-1.03
18659,-0.09,-0.19,-1.03
18680,-0.1,-0.18,-1.03
18701,-0.11,-0.18,-1.04
18722,-0.11,-0.18,-1.03
18743,-0.1,-0.18,-1.04
18764,-0.1,-0.18,-1.03
18785,-0.11,-0.18,-1.03
18806,-0.11,-0.18,-1.03
18827,-0.11,-0.18,-1.03
18848,-0.11,-0.17,-1.03
18869,-0.11,-0.17,-1.04
18890,-0.12,-0.17,-1.03
18911,-0.11,-0.18,-1.02
18932,-0.11,-0.18,-1.03
18953,-0.1,-0.19,-1.03
18974,-0.1,-0.19,-1.03
18995,-0.1,-0.18,-1.04
19016,-0.11,-0.18,-1.03
19037,-0.11,-0.18,-1.03
19058,-0.1,-0.18,-1.02
19079,-0.09,-0.19,-1.03
19100,-0.07,-0.17,-1.03
19121,-0.07,-0.17,-1.03
19142,-0.09,-0.18,-1.03
19163,-0.11,-0.18,-1.03
19184,-0.11,-0.18,-1.03
19205,-0.11,-0.18,-1.03
19226,-0.1,-0.18,-1.03
19247,-0.1,-0.19,-1.03
19268,-0.1,-0.2,-1.02
19289,-0.09,-0.2,-1.03
19310,-0.1,-0.19,-1.04
19331,-0.1,-0.18,-1.04
19352,-0.12,-0.17,-1.03
19373,-0.12,-0.16,-1.04
19394,-0.12,-0.17,-1.03
19415,-0.12,-0.19,-1.03
19436,-0.12,-0.19,-1.04
19457,-0.1,-0.2,-1.02
19478,-0.08,-0.19,-1.04
19499,-0.07,-0.18,-1.03
19520,-0.08,-0.18,-1.03
19541,-0.08,-0.18,-1.02
19562,-0.1,-0.18,-1.02
19583,-0.12,-0.18,-1.03
19604,-0.12,-0.17,-1.03
19625,-0.13,-0.17,-1.03
19646,-0.13,-0.17,-1.04
19667,-0.1,-0.18,-1.03
19688,-0.08,-0.18,-1.03
19709,-0.08,-0.19,-1.03
19730,-0.07,-0.19,-1.03
19751,-0.08,-0.19,-1.02
19772,-0.1,-0.19,-1.03
19793,-0.12,-0.18,-1.04
19814,-0.13,-0.17,-1.04
19835,-0.12,-0.17,-1.04
19856,-0.11,-0.18,-1.03
19877,-0.09,-0.18,-1.03
19898,-0.07,-0.19,-1.04
19919,-0.07,-0.19,-1.02
19940,-0.08,-0.18,-1.03
19961,-0.09,-0.18,-1.02
19982,-0.11,-0.18,-1.04
20003,-0.12,-0.18,-1.03
20024,-0.13,-0.17,-1.03
20045,-0.12,-0.17,-1.04
20066,-0.11,-0.18,-1.03
20087,-0.09,-0.19,-1.03
20108,-0.08,-0.2,-1.03
20129,-0.09,-0.18,-1.03
20150,-0.08,-0.19,-1.04
20171,-0.08,-0.18,-1.04
20192,-0.1,-0.17,-1.03
20213,-0.11,-0.17,-1.04
20234,-0.11,-0.17,-1.03
20255,-0.11,-0.18,-1.04
20276,-0.11,-0.18,-1.03
20297,-0.1,-0.17,-1.04
20318,-0.1,-0.16,-1.02
20339,-0.1,-0.17,-1.02
20360,-0.1,-0.17,-1.03
20381,-0.09,-0.17,-1.06
20402,-0.1,-0.21,-1.05
20423,-0.09,-0.2,-1.06
20444,-0.07,-0.16,-1.08
20465,-0.04,-0.19,-1.02
20486,-0.06,-0.24,-1.0
20507,-0.07,-0.24,-1.05
20528,-0.07,-0.16,-1.03
20549,-0.01,-0.15,-1.04
20570,0.02,-0.21,-1.08
20591,-0.07,-0.18,-1.06
20612,-0.03,-0.18,-1.07
20633,-0.03,-0.16,-1.04
20654,-0.02,-0.19,-1.02
20675,0.01,-0.2,-1.01
20696,0.07,-0.19,-1.04
20717,0.02,-0.17,-1.06
20738,0.04,-0.16,-1.03
20759,-0.03,-0.17,-1.02
20780,-0.1,-0.17,-1.06
20801,0.0,-0.15,-1.1
20822,0.02,-0.15,-1.04
20843,-0.01,-0.18,-1.01
20864,0.03,-0.16,-1.02
20885,0.03,-0.15,-1.05
20906,0.04,-0.16,-1.06
20927,0.02,-0.18,-1.06
20948,0.0,-0.21,-1.05
20969,0.06,-0.18,-1.04
20990,0.04,-0.18,-1.05
21011,0.03,-0.21,-1.03
21032,0.08,-0.25,-1.02
21053,0.11,-0.24,-1.02
21074,0.1,-0.24,-1.0
21095,0.07,-0.27,-0.99
21116,0.05,-0.29,-0.99
21137,0.05,-0.26,-1.0
21158,0.03,-0.26,-1.0
21179,0.04,-0.24,-1.02
21200,0.04,-0.2,-1.03
21221,0.03,-0.2,-1.03
21242,0.06,-0.21,-1.03
21263,0.08,-0.2,-1.03
21284,0.06,-0.19,-1.03
21305,0.03,-0.18,-1.04
21326,0.01,-0.18,-1.03
21347,-0.0,-0.18,-1.02
21368,0.01,-0.18,-1.01
21389,0.04,-0.18,-1.01
21410,0.03,-0.19,-1.0
21431,0.01,-0.19,-1.01
21452,0.01,-0.18,-1.01
21473,0.01,-0.2,-1.01
21494,0.04,-0.18,-1.01
21515,0.05,-0.18,-1.02
21536,0.02,-0.18,-1.03
21557,0.03,-0.17,-1.03
21578,0.02,-0.17,-1.04
21599,0.02,-0.17,-1.04
21620,0.02,-0.18,-1.05
21641,0.03,-0.18,-1.05
21662,0.02,-0.18,-1.06
21683,0.03,-0.15,-1.07
21704,-0.02,-0.15,-1.07
21725,-0.0,-0.14,-1.06
21746,-0.04,-0.14,-1.07
21767,-0.06,-0.16,-1.05
21788,-0.04,-0.16,-1.04
21809,0.02,-0.17,-1.03
21830,0.04,-0.18,-1.02
21851,0.02,-0.18,-1.01
21872,-0.01,-0.16,-1.01
21893,-0.02,-0.16,-1.02
21914,0.0,-0.15,-1.03
21935,-0.0,-0.14,-1.03
21956,-0.02,-0.13,-1.02
21977,-0.01,-0.14,-1.04
21998,-0.01,-0.14,-1.05
22019,-0.01,-0.13,-1.06
22040,-0.01,-0.14,-1.05
22061,-0.02,-0.14,-1.06
22082,-0.02,-0.13,-1.06
22103,-0.03,-0.14,-1.06
22124,-0.04,-0.14,-1.05
22145,-0.03,-0.15,-1.05
22166,-0.04,-0.16,-1.04
22187,-0.04,-0.14,-1.04
22208,-0.04,-0.14,-1.03
22229,-0.06,-0.15,-1.01
22250,-0.04,-0.15,-1.02
22271,-0.04,-0.16,-1.04
22292,-0.05,-0.17,-1.03
22313,-0.04,-0.16,-1.04
22334,-0.03,-0.16,-1.04
22355,-0.03,-0.15,-1.05
22376,-0.05,-0.14,-1.05
22397,-0.04,-0.14,-1.06
22418,-0.06,-0.13,-1.06
22439,-0.05,-0.14,-1.04
22460,-0.01,-0.15,-1.03
22481,-0.03,-0.15,-1.05
22502,-0.05,-0.13,-1.04
22523,-0.04,-0.16,-1.04
22544,-0.02,-0.15,-1.04
22565,-0.04,-0.16,-1.04
22586,-0.05,-0.16,-1.01
22607,-0.05,-0.15,-1.01
22628,-0.02,-0.15,-1.04
22649,-0.04,-0.15,-1.04
22670,-0.09,-0.11,-1.04
22691,-0.07,-0.15,-1.03
22712,-0.07,-0.17,-1.05
22733,-0.02,-0.16,-1.05
22754,-0.04,-0.17,-1.04
22775,-0.06,-0.16,-1.04
22796,-0.04,-0.17,-1.05
22817,-0.09,-0.18,-1.03
22838,-0.09,-0.16,-1.04
22859,-0.07,-0.14,-1.03
22880,-0.11,-0.19,-1.02
22901,0.02,-0.17,-1.02
22922,-0.13,-0.15,-1.02
22943,-0.1,-0.15,-1.02
22964,-0.07,-0.16,-1.02
22985,-0.1,-0.18,-1.01
23006,-0.08,-0.16,-0.99
23027,-0.11,-0.18,-1.04
23048,-0.03,-0.19,-1.04
23069,-0.1,-0.18,-1.03
23090,-0.08,-0.18,-1.04
23111,-0.09,-0.2,-1.04
23132,-0.1,-0.18,-1.04
23153,-0.11,-0.18,-1.04
23174,-0.13,-0.15,-1.04
23195,-0.07,-0.14,-1.04
23216,-0.05,-0.13,-1.07
23237,-0.12,-0.16,-1.03
23258,-0.09,-0.16,-1.03
23279,-0.04,-0.17,-1.02
23300,-0.06,-0.19,-1.02
23321,-0.05,-0.17,-1.03
23342,-0.04,-0.19,-1.03
23363,-0.04,-0.18,-1.04
23384,-0.06,-0.17,-1.05
23405,-0.07,-0.09,-1.08
23426,-0.15,-0.15,-1.01
23447,-0.07,-0.17,-1.04
23468,-0.1,-0.17,-1.06
23489,-0.03,-0.18,-1.03
23510,-0.09,-0.2,-1.02
23531,-0.07,-0.18,-1.02
23552,-0.04,-0.19,-1.01
23573,-0.04,-0.19,-1.02
23594,-0.05,-0.19,-1.02
23615,-0.08,-0.17,-1.03
23636,-0.07,-0.17,-1.03
23657,-0.06,-0.17,-1.04
23678,-0.05,-0.18,-1.04
23699,-0.05,-0.17,-1.04
23720,-0.06,-0.16,-1.04
23741,-0.06,-0.16,-1.04
23762,-0.06,-0.16,-1.03
23783,-0.06,-0.17,-1.03
23804,-0.06,-0.18,-1.03
23825,-0.07,-0.17,-1.02
23846,-0.07,-0.17,-1.02
23867,-0.06,-0.17,-1.03
23888,-0.07,-0.17,-1.03
23909,-0.06,-0.16,-1.02
23930,-0.04,-0.16,-1.03
23951,-0.03,-0.17,-1.04
23972,-0.04,-0.16,-1.05
23993,-0.03,-0.16,-1.05
24014,-0.03,-0.15,-1.06
24035,-0.04,-0.16,-1.06
24056,-0.02,-0.16,-1.05
24077,-0.03,-0.16,-1.05
24098,-0.04,-0.15,-1.05
24119,-0.03,-0.16,-1.04
24140,-0.02,-0.17,-1.04
24161,-0.02,-0.17,-1.03
24182,-0.03,-0.16,-1.05
24203,-0.02,-0.15,-1.04
24224,-0.01,-0.15,-1.04
24245,-0.01,-0.14,-1.05
24266,-0.03,-0.14,-1.05
24287,-0.03,-0.13,-1.05
24308,-0.04,-0.14,-1.04
24329,-0.03,-0.14,-1.02
24350,-0.03,-0.15,-1.03
24371,-0.02,-0.15,-1.03
24392,-0.03,-0.15,-1.03
24413,-0.04,-0.15,-1.04
24434,-0.06,-0.16,-1.03
24455,-0.04,-0.15,-1.04
24476,-0.03,-0.15,-1.03
24497,-0.04,-0.16,-1.03
24518,-0.04,-0.16,-1.02
24539,-0.04,-0.15,-1.01
24560,-0.04,-0.17,-1.02
24581,-0.02,-0.18,-1.03
24602,-0.03,-0.17,-1.03
24623,-0.04,-0.17,-1.03
24644,-0.04,-0.16,-1.04
24665,-0.02,-0.15,-1.05
24686,-0.02,-0.14,-1.04
24707,-0.02,-0.13,-1.04
24728,-0.02,-0.12,-1.04
24749,-0.03,-0.13,-1.05
24770,-0.02,-0.13,-1.05
24791,-0.0,-0.14,-1.04
24812,-0.01,-0.14,-1.04
24833,-0.01,-0.15,-1.04
24854,-0.01,-0.15,-1.06
24875,-0.01,-0.15,-1.07
24896,-0.01,-0.15,-1.07
24917,-0.01,-0.14,-1.07
24938,-0.02,-0.15,-1.06
24959,-0.0,-0.14,-1.06
24980,0.0,-0.15,-1.06
25001,-0.01,-0.14,-1.05
25022,-0.02,-0.14,-1.04
25043,-0.03,-0.14,-1.04
25064,-0.0,-0.15,-1.04
25085,-0.02,-0.12,-1.07
25106,-0.05,-0.1,-1.12
25127,-0.04,-0.12,-1.11
25148,0.0,-0.13,-1.05
25169,-0.01,-0.16,-0.99
25190,0.0,-0.16,-0.97
25211,0.02,-0.16,-0.98
25232,0.0,-0.18,-0.97
25253,-0.01,-0.16,-1.01
25274,-0.02,-0.17,-1.0
25295,-0.01,-0.17,-0.99
25316,-0.0,-0.18,-1.02
25337,0.01,-0.17,-1.02
25358,0.0,-0.17,-1.03
25379,0.0,-0.17,-1.04
25400,0.01,-0.16,-1.04
25421,-0.0,-0.15,-1.05
25442,0.01,-0.15,-1.06
25463,-0.01,-0.15,-1.07
25484,-0.01,-0.15,-1.08
25505,0.01,-0.14,-1.07
25526,0.01,-0.14,-1.06
25547,0.0,-0.13,-1.06
25568,-0.0,-0.13,-1.04
25589,0.0,-0.14,-1.04
25610,-0.0,-0.13,-1.03
25631,-0.0,-0.13,-1.03
25652,-0.01,-0.14,-1.03
25673,-0.01,-0.13,-1.02
25694,-0.01,-0.13,-1.02
25715,-0.01,-0.13,-1.02
25736,0.0,-0.14,-1.03
25757,0.0,-0.14,-1.03
25778,0.01,-0.15,-1.04
25799,0.0,-0.14,-1.04
25820,0.0,-0.14,-1.05
25841,0.0,-0.14,-1.05
25862,0.01,-0.13,-1.06
25883,0.01,-0.14,-1.06
25904,-0.01,-0.14,-1.04
25925,0.0,-0.14,-1.05
25946,0.04,-0.15,-1.06
25967,0.03,-0.13,-1.05
25988,0.02,-0.14,-1.04
26009,-0.01,-0.14,-1.02
26030,0.01,-0.13,-1.04
26051,0.02,-0.14,-1.04
26072,0.02,-0.13,-1.05
26093,0.02,-0.13,-1.03
26114,-0.01,-0.12,-1.02
26135,-0.0,-0.13,-1.04
26156,0.02,-0.13,-1.05
26177,0.02,-0.12,-1.06
26198,0.03,-0.12,-1.07
26219,0.03,-0.13,-1.05
26240,0.03,-0.13,-1.03
26261,0.03,-0.12,-1.04
26282,0.03,-0.12,-1.04
26303,0.02,-0.13,-1.04
26324,0.03,-0.14,-1.04
26345,0.05,-0.15,-1.03
26366,0.04,-0.15,-1.02
26387,0.04,-0.15,-1.04
26408,0.04,-0.15,-1.04
26429,0.05,-0.14,-1.05
26450,0.05,-0.12,-1.06
26471,0.03,-0.11,-1.06
26492,0.02,-0.12,-1.05
26513,0.03,-0.12,-1.06
26534,0.04,-0.13,-1.06
26555,0.06,-0.13,-1.05
26576,0.07,-0.13,-1.06
26597,0.05,-0.12,-1.05
26618,0.04,-0.12,-1.05
26639,0.04,-0.11,-1.04
26660,0.04,-0.12,-1.04
26681,0.03,-0.12,-1.04
26702,0.03,-0.12,-1.04
26723,0.04,-0.12,-1.03
26744,0.04,-0.12,-1.04
26765,0.04,-0.12,-1.04
26786,0.04,-0.12,-1.05
26807,0.04,-0.13,-1.04
26828,0.05,-0.11,-1.05
26849,0.02,-0.12,-1.05
26870,0.01,-0.11,-1.04
26891,0.0,-0.11,-1.03
26912,0.01,-0.13,-1.03
26933,0.03,-0.14,-1.05
26954,0.05,-0.12,-1.05
26975,0.03,-0.11,-1.05
26996,0.01,-0.1,-1.05
27017,-0.01,-0.11,-1.04
27038,0.0,-0.11,-1.04
27059,0.01,-0.12,-1.03
27080,0.02,-0.12,-1.03
27101,0.01,-0.13,-1.03
27122,0.0,-0.13,-1.03
27143,0.02,-0.13,-1.04
27164,0.03,-0.13,-1.04
27185,0.02,-0.11,-1.04
27206,0.03,-0.12,-1.06
27227,0.03,-0.11,-1.05
27248,0.03,-0.11,-1.05
27269,0.02,-0.12,-1.04
27290,0.02,-0.13,-1.04
27311,0.02,-0.13,-1.03
27332,0.02,-0.13,-1.03
27353,0.02,-0.14,-1.04
27374,0.05,-0.14,-1.05
27395,0.04,-0.12,-1.06
27416,0.01,-0.11,-1.07
27437,-0.0,-0.1,-1.06
27458,0.0,-0.11,-1.04
27479,-0.01,-0.12,-1.04
27500,-0.01,-0.12,-1.03
27521,-0.01,-0.13,-1.02
27542,0.0,-0.14,-1.03
27563,0.02,-0.13,-1.04
27584,0.03,-0.13,-1.06
27605,0.02,-0.11,-1.05
27626,0.01,-0.1,-1.07
27647,0.02,-0.1,-1.08
27668,0.02,-0.11,-1.09
27689,0.0,-0.1,-1.06
27710,-0.04,-0.11,-1.04
27731,-0.04,-0.14,-1.04
27752,-0.0,-0.17,-1.04
27773,0.02,-0.16,-1.04
27794,-0.0,-0.16,-1.03
27815,-0.02,-0.19,-1.04
27836,-0.01,-0.18,-1.04
27857,0.02,-0.17,-1.06
27878,0.02,-0.18,-1.06
27899,-0.01,-0.17,-1.05
27920,-0.06,-0.18,-1.0
27941,-0.03,-0.17,-1.04
27962,-0.03,-0.17,-1.01
27983,-0.01,-0.19,-1.02
28004,0.02,-0.19,-1.03
28025,0.02,-0.19,-1.04
28046,0.03,-0.2,-1.05
28067,0.03,-0.2,-1.04
28088,0.03,-0.2,-1.04
28109,0.03,-0.2,-1.04
28130,0.03,-0.21,-1.04
28151,0.05,-0.21,-1.04
28172,0.05,-0.21,-1.02
28193,0.07,-0.23,-1.04
28214,0.07,-0.23,-1.04
28235,0.05,-0.23,-1.02
28256,0.05,-0.24,-1.03
28277,0.05,-0.24,-1.04
28298,0.06,-0.25,-1.04
28319,0.03,-0.26,-1.04
28340,0.06,-0.27,-1.04
28361,0.11,-0.28,-1.04
28382,0.14,-0.28,-1.06
28403,0.11,-0.26,-1.08
28424,0.07,-0.23,-1.08
28445,0.04,-0.22,-1.07
28466,0.04,-0.21,-1.05
28487,0.05,-0.2,-1.04
28508,0.02,-0.2,-1.03
28529,-0.02,-0.21,-1.01
28550,-0.07,-0.21,-1.0
28571,-0.07,-0.22,-1.0
28592,-0.06,-0.23,-0.99
28613,-0.03,-0.26,-1.01
28634,0.0,-0.24,-1.03
28655,0.04,-0.17,-1.04
28676,-0.0,-0.14,-1.02
28697,-0.08,-0.15,-1.01
28718,-0.11,-0.17,-1.0
28739,-0.09,-0.16,-0.97
28760,-0.06,-0.19,-0.98
28781,-0.07,-0.21,-1.0
28802,-0.05,-0.2,-1.01
28823,-0.03,-0.2,-1.02
28844,-0.03,-0.2,-1.03
28865,-0.04,-0.17,-1.06
28886,-0.07,-0.18,-1.06
28907,-0.08,-0.21,-1.07
28928,-0.05,-0.22,-1.08
28949,-0.01,-0.19,-1.09
28970,-0.07,-0.18,-1.09
28991,-0.14,-0.19,-1.06
29012,-0.15,-0.19,-1.05
29033,-0.13,-0.19,-1.05
29054,-0.09,-0.21,-1.08
29075,-0.06,-0.2,-1.06
29096,-0.1,-0.22,-1.03
29117,-0.13,-0.27,-1.03
29138,-0.17,-0.26,-1.04
29159,-0.16,-0.27,-1.05
29180,-0.12,-0.28,-1.02
29201,-0.1,-0.28,-0.98
29222,-0.1,-0.29,-0.97
29243,-0.08,-0.29,-0.99
29264,-0.02,-0.28,-0.98
29285,0.02,-0.29,-0.99
29306,0.09,-0.26,-1.0
29327,0.14,-0.24,-1.02
29348,0.11,-0.26,-1.04
29369,0.11,-0.22,-1.04
29390,0.15,-0.25,-1.03
29411,0.14,-0.26,-0.97
29432,0.22,-0.26,-1.0
29453,0.26,-0.24,-0.98
29474,0.24,-0.25,-0.95
29495,0.22,-0.28,-0.92
29516,0.21,-0.28,-0.92
29537,0.23,-0.27,-0.92
29558,0.25,-0.26,-0.95
29579,0.33,-0.24,-0.97
29600,0.36,-0.21,-0.95
29621,0.27,-0.19,-0.97
29642,0.19,-0.2,-0.99
29663,0.22,-0.2,-1.01
29684,0.27,-0.19,-0.97
29705,0.28,-0.18,-0.95
29726,0.35,-0.19,-0.99
29747,0.41,-0.19,-1.01
29768,0.35,-0.2,-0.99
29789,0.29,-0.21,-0.98
29810,0.35,-0.19,-1.01
29831,0.36,-0.21,-1.0
29852,0.35,-0.19,-0.99
29873,0.35,-0.19,-1.0
29894,0.41,-0.19,-0.99
29915,0.37,-0.21,-1.0
29936,0.32,-0.21,-1.01
29957,0.29,-0.21,-1.0
29978,0.28,-0.21,-0.99
29999,0.3,-0.2,-1.01
30020,0.32,-0.21,-1.02
30041,0.32,-0.2,-0.99
30062,0.35,-0.2,-0.98
30083,0.39,-0.21,-0.98
30104,0.36,-0.19,-0.94
30125,0.33,-0.2,-0.91
30146,0.31,-0.21,-0.9
30167,0.31,-0.23,-0.9
30188,0.29,-0.23,-0.92
30209,0.29,-0.22,-0.92
30230,0.3,-0.21,-0.94
30251,0.31,-0.21,-0.96
30272,0.33,-0.2,-0.97
30293,0.32,-0.2,-0.95
30314,0.31,-0.19,-0.94
30335,0.32,-0.19,-0.94
30356,0.34,-0.18,-0.94
30377,0.3,-0.17,-0.94
30398,0.28,-0.17,-0.95
30419,0.28,-0.17,-0.96
30440,0.29,-0.17,-0.97
30461,0.3,-0.16,-0.99
30482,0.31,-0.16,-1.0
30503,0.33,-0.17,-1.0
30524,0.33,-0.16,-0.99
30545,0.32,-0.16,-0.99
30566,0.31,-0.17,-0.97
30587,0.32,-0.17,-0.95
30608,0.34,-0.17,-0.94
30629,0.34,-0.17,-0.94
30650,0.31,-0.16,-0.94
30671,0.3,-0.16,-0.95
30692,0.33,-0.15,-0.96
30713,0.32,-0.15,-0.95
30734,0.31,-0.15,-0.96
30755,0.31,-0.16,-0.96
30776,0.31,-0.17,-0.97
30797,0.32,-0.17,-0.98
30818,0.34,-0.17,-0.99
30839,0.32,-0.18,-0.99
30860,0.29,-0.18,-1.0
30881,0.28,-0.18,-1.01
30902,0.23,-0.15,-1.01
30923,0.27,-0.18,-1.0
30944,0.32,-0.17,-1.01
30965,0.29,-0.17,-1.01
30986,0.26,-0.18,-1.0
31007,0.26,-0.18,-0.98
31028,0.25,-0.18,-0.96
31049,0.28,-0.19,-0.97
31070,0.25,-0.19,-0.96
31091,0.29,-0.2,-0.94
31112,0.29,-0.21,-0.94
31133,0.26,-0.24,-0.95
31154,0.27,-0.26,-0.96
31175,0.31,-0.31,-0.96
31196,0.34,-0.32,-0.97
31217,0.35,-0.32,-0.98
31238,0.34,-0.32,-1.0
31259,0.34,-0.31,-0.99
31280,0.33,-0.3,-0.99
31301,0.37,-0.33,-1.0
31322,0.44,-0.35,-0.99
31343,0.46,-0.32,-0.99
31364,0.4,-0.28,-0.97
31385,0.33,-0.28,-0.94
31406,0.34,-0.26,-0.94
31427,0.37,-0.27,-0.92
31448,0.37,-0.26,-0.91
31469,0.31,-0.27,-0.9
31490,0.3,-0.33,-0.91
31511,0.36,-0.32,-0.89
31532,0.39,-0.3,-0.87
31553,0.39,-0.29,-0.85
31574,0.37,-0.27,-0.83
31595,0.34,-0.25,-0.83
31616,0.32,-0.26,-0.83
31637,0.29,-0.27,-0.84
31658,0.26,-0.31,-0.85
31679,0.27,-0.34,-0.88
31700,0.31,-0.36,-0.94
31721,0.37,-0.39,-0.96
31742,0.36,-0.38,-0.96
31763,0.37,-0.34,-0.97
31784,0.38,-0.31,-1.0
31805,0.38,-0.29,-1.0
31826,0.38,-0.26,-0.98
31847,0.41,-0.24,-0.96
31868,0.39,-0.26,-0.92
31889,0.39,-0.24,-0.93
31910,0.38,-0.23,-0.93
31931,0.37,-0.23,-0.93
31952,0.37,-0.23,-0.91
31973,0.37,-0.25,-0.9
31994,0.41,-0.28,-0.91
32015,0.43,-0.3,-0.92
32036,0.38,-0.27,-0.93
32057,0.35,-0.23,-0.94
32078,0.35,-0.22,-0.96
32099,0.35,-0.25,-0.98
32120,0.42,-0.21,-1.01
32141,0.45,-0.19,-1.01
32162,0.42,-0.21,-0.99
32183,0.39,-0.19,-0.97
32204,0.34,-0.2,-0.99
32225,0.33,-0.19,-0.98
32246,0.3,-0.17,-0.97
32267,0.25,-0.18,-0.99
32288,0.22,-0.19,-0.99
32309,0.22,-0.18,-1.0
32330,0.25,-0.15,-1.03
32351,0.28,-0.15,-1.05
32372,0.29,-0.17,-1.07
32393,0.28,-0.17,-1.09
32414,0.27,-0.16,-1.08
32435,0.29,-0.14,-1.08
32456,0.25,-0.15,-1.06
32477,0.22,-0.18,-1.04
32498,0.2,-0.19,-1.03
32519,0.19,-0.2,-1.02
32540,0.18,-0.2,-1.0
32561,0.17,-0.21,-0.98
32582,0.18,-0.21,-0.99
32603,0.18,-0.2,-1.0
32624,0.19,-0.19,-0.98
32645,0.18,-0.18,-0.98
32666,0.18,-0.18,-0.99
32687,0.19,-0.17,-0.98
32708,0.21,-0.15,-0.99
32729,0.26,-0.14,-0.98
32750,0.26,-0.14,-0.96
32771,0.25,-0.13,-0.96
32792,0.26,-0.14,-0.95
32813,0.27,-0.15,-0.95
32834,0.27,-0.15,-0.97
32855,0.27,-0.16,-0.97
32876,0.29,-0.18,-0.99
32897,0.31,-0.19,-0.98
32918,0.33,-0.2,-0.99
32939,0.33,-0.2,-0.97
32960,0.32,-0.19,-0.98
32981,0.33,-0.17,-1.0
33002,0.31,-0.16,-1.01
33023,0.3,-0.13,-1.01
33044,0.26,-0.11,-1.01
33065,0.25,-0.11,-1.01
33086,0.24,-0.11,-1.03
33107,0.25,-0.12,-1.03
33128,0.23,-0.13,-1.03
33149,0.19,-0.14,-1.02
33170,0.18,-0.14,-1.03
33191,0.19,-0.14,-1.05
33212,0.19,-0.13,-1.05
33233,0.17,-0.13,-1.06
33254,0.16,-0.15,-1.07
33275,0.17,-0.16,-1.06
33296,0.18,-0.15,-1.07
33317,0.14,-0.16,-1.05
33338,0.13,-0.16,-1.02
33359,0.14,-0.17,-0.99
33380,0.16,-0.17,-0.97
33401,0.21,-0.17,-0.94
33422,0.22,-0.15,-0.93
33443,0.22,-0.15,-0.93
33464,0.2,-0.16,-0.95
33485,0.19,-0.15,-0.96
33506,0.23,-0.17,-0.97
33527,0.28,-0.19,-0.99
33548,0.27,-0.18,-0.99
33569,0.27,-0.18,-0.99
33590,0.32,-0.19,-0.99
33611,0.31,-0.18,-0.99
33632,0.3,-0.19,-0.99
33653,0.29,-0.21,-0.96
33674,0.3,-0.21,-0.96
33695,0.31,-0.2,-0.96
33716,0.3,-0.2,-0.96
33737,0.31,-0.19,-0.95
33758,0.33,-0.19,-0.94
33779,0.31,-0.18,-0.96
33800,0.26,-0.18,-0.98
33821,0.3,-0.2,-0.95
33842,0.31,-0.23,-0.95
33863,0.35,-0.24,-0.95
33884,0.35,-0.24,-0.94
33905,0.35,-0.28,-0.92
33926,0.38,-0.31,-0.94
33947,0.37,-0.28,-0.98
33968,0.33,-0.26,-0.98
33989,0.36,-0.29,-0.93
34010,0.37,-0.26,-0.91
34031,0.39,-0.25,-0.93
34052,0.4,-0.27,-0.94
34073,0.56,-0.24,-0.85
34094,0.46,-0.26,-0.86
34115,0.2,-0.28,-0.99
34136,0.42,-0.24,-0.98
34157,0.46,-0.31,-0.94
34178,0.39,-0.24,-0.97
34199,0.42,-0.23,-0.87
34220,0.48,-0.25,-0.81
34241,0.46,-0.23,-0.86
34262,0.45,-0.24,-0.9
34283,0.47,-0.3,-0.89
34304,0.46,-0.28,-0.89
34325,0.49,-0.26,-0.9
34346,0.51,-0.28,-0.94
34367,0.42,-0.26,-0.99
34388,0.43,-0.29,-0.96
34409,0.46,-0.21,-0.9
34430,0.47,-0.25,-0.84
34451,0.5,-0.29,-0.8
34472,0.59,-0.23,-0.8
34493,0.6,-0.16,-0.76
34514,0.48,-0.18,-0.7
34535,0.46,-0.31,-0.72
34556,0.56,-0.41,-0.76
34577,0.62,-0.45,-0.82
34598,0.64,-0.34,-0.9
34619,0.65,-0.26,-0.96
34640,0.58,-0.29,-0.98
34661,0.59,-0.31,-0.92
34682,0.63,-0.3,-0.87
34703,0.63,-0.26,-0.85
34724,0.63,-0.28,-0.84
34745,0.58,-0.3,-0.79
34766,0.56,-0.32,-0.76
34787,0.59,-0.25,-0.78
34808,0.59,-0.18,-0.81
34829,0.52,-0.21,-0.83
34850,0.52,-0.28,-0.85
34871,0.55,-0.24,-0.91
34892,0.49,-0.18,-1.02
34913,0.41,-0.12,-1.01
34934,0.35,-0.1,-0.94
34955,0.38,-0.17,-0.94
34976,0.46,-0.25,-0.93
34997,0.48,-0.28,-0.96
35018,0.43,-0.2,-0.98
35039,0.34,-0.15,-0.95
35060,0.27,-0.15,-0.93
35081,0.32,-0.15,-0.98
35102,0.36,-0.12,-1.0
35123,0.32,-0.09,-0.98
35144,0.3,-0.11,-0.96
35165,0.36,-0.1,-0.98
35186,0.37,-0.1,-0.98
35207,0.37,-0.11,-0.97
35228,0.37,-0.11,-0.97
35249,0.35,-0.11,-0.96
35270,0.33,-0.13,-0.95
35291,0.33,-0.14,-0.96
35312,0.36,-0.15,-0.95
35333,0.34,-0.17,-0.94
35354,0.31,-0.17,-0.92
35375,0.3,-0.17,-0.9
35396,0.33,-0.19,-0.89
35417,0.37,-0.19,-0.88
35438,0.38,-0.19,-0.9
35459,0.4,-0.15,-0.93
35480,0.41,-0.15,-0.94
35501,0.44,-0.15,-0.98
35522,0.5,-0.15,-1.02
35543,0.49,-0.13,-1.01
35564,0.46,-0.15,-1.0
35585,0.43,-0.18,-1.0
35606,0.45,-0.21,-0.99
35627,0.5,-0.21,-0.97
35648,0.5,-0.21,-1.0
35669,0.44,-0.17,-0.96
35690,0.4,-0.17,-0.93
35711,0.44,-0.18,-0.92
35732,0.46,-0.18,-0.9
35753,0.46,-0.16,-0.9
35774,0.41,-0.17,-0.87
35795,0.43,-0.19,-0.85
35816,0.48,-0.22,-0.82
35837,0.5,-0.23,-0.82
35858,0.52,-0.24,-0.81
35879,0.51,-0.22,-0.82
35900,0.47,-0.2,-0.84
35921,0.48,-0.18,-0.89
35942,0.5,-0.16,-0.89
35963,0.47,-0.15,-0.9
35984,0.46,-0.18,-0.93
36005,0.5,-0.17,-0.95
36026,0.48,-0.16,-0.96
36047,0.42,-0.16,-0.96
36068,0.39,-0.14,-0.99
36089,0.4,-0.13,-1.0
36110,0.4,-0.12,-0.99
36131,0.32,-0.15,-0.98
36152,0.29,-0.18,-0.97
36173,0.36,-0.19,-0.98
36194,0.41,-0.21,-0.99
36215,0.4,-0.21,-0.99
36236,0.35,-0.18,-1.0
36257,0.29,-0.15,-1.01
36278,0.29,-0.12,-1.0
36299,0.29,-0.12,-0.99
36320,0.3,-0.11,-1.0
36341,0.28,-0.13,-0.98
36362,0.31,-0.15,-0.97
36383,0.32,-0.17,-0.98
36404,0.31,-0.19,-0.96
36425,0.32,-0.2,-0.96
36446,0.33,-0.21,-0.96
36467,0.33,-0.21,-0.95
36488,0.3,-0.21,-0.96
36509,0.29,-0.21,-0.95
36530,0.3,-0.23,-0.94
36551,0.3,-0.24,-0.93
36572,0.33,-0.24,-0.95
36593,0.37,-0.24,-0.94
36614,0.37,-0.24,-0.94
36635,0.35,-0.23,-0.94
36656,0.38,-0.22,-0.95
36677,0.39,-0.21,-0.95
36698,0.37,-0.22,-0.95
36719,0.37,-0.23,-0.95
36740,0.38,-0.24,-0.93
36761,0.39,-0.25,-0.94
36782,0.42,-0.24,-0.94
36803,0.4,-0.25,-0.94
36824,0.38,-0.25,-0.93
36845,0.36,-0.25,-0.93
36866,0.35,-0.26,-0.94
36887,0.36,-0.24,-0.96
36908,0.34,-0.24,-0.95
36929,0.33,-0.25,-0.93
36950,0.28,-0.26,-0.94
36971,0.24,-0.27,-0.96
36992,0.27,-0.29,-0.96
37013,0.29,-0.3,-0.96
37034,0.29,-0.29,-1.0
37055,0.29,-0.26,-1.02
37076,0.24,-0.25,-1.01
37097,0.23,-0.24,-1.02
37118,0.25,-0.24,-1.01
37139,0.26,-0.26,-1.0
37160,0.24,-0.26,-0.97
37181,0.21,-0.25,-0.96
37202,0.17,-0.24,-0.95
37223,0.18,-0.23,-0.94
37244,0.21,-0.23,-0.94
37265,0.23,-0.22,-0.95
37286,0.24,-0.21,-0.96
37307,0.27,-0.2,-0.97
37328,0.27,-0.21,-0.99
37349,0.27,-0.21,-0.99
37370,0.29,-0.21,-0.98
37391,0.32,-0.21,-0.97
37412,0.32,-0.23,-0.98
37433,0.28,-0.23,-0.98
37454,0.25,-0.21,-0.96
37475,0.28,-0.25,-0.95
37496,0.31,-0.26,-0.95
37517,0.29,-0.27,-0.94
37538,0.28,-0.26,-0.95
37559,0.29,-0.26,-0.95
37580,0.31,-0.25,-0.97
37601,0.33,-0.23,-0.97
37622,0.32,-0.23,-0.98
37643,0.34,-0.23,-0.99
37664,0.35,-0.22,-1.0
37685,0.37,-0.22,-1.0
37706,0.36,-0.18,-1.0
37727,0.37,-0.18,-0.99
37748,0.36,-0.19,-0.96
37769,0.35,-0.2,-0.96
37790,0.4,-0.21,-0.96
37811,0.44,-0.22,-0.95
37832,0.45,-0.2,-0.96
37853,0.42,-0.19,-0.95
37874,0.4,-0.21,-0.94
37895,0.42,-0.21,-0.94
37916,0.43,-0.23,-0.94
37937,0.39,-0.23,-0.93
37958,0.41,-0.24,-0.93
37979,0.35,-0.24,-0.93
38000,0.35,-0.23,-0.93
38021,0.35,-0.23,-0.94
38042,0.34,-0.23,-0.94
38063,0.33,-0.23,-0.93
38084,0.33,-0.23,-0.92
38105,0.34,-0.23,-0.94
38126,0.35,-0.23,-0.95
38147,0.35,-0.21,-0.97
38168,0.36,-0.17,-0.99
38189,0.34,-0.16,-1.01
38210,0.34,-0.15,-1.01
38231,0.35,-0.17,-1.01
38252,0.32,-0.18,-0.99
38273,0.3,-0.19,-0.99
38294,0.3,-0.2,-0.98
38315,0.3,-0.19,-0.96
38336,0.3,-0.2,-0.96
38357,0.31,-0.21,-0.98
38378,0.32,-0.2,-0.98
38399,0.31,-0.19,-1.0
38420,0.3,-0.17,-1.0
38441,0.31,-0.18,-1.0
38462,0.31,-0.19,-0.99
38483,0.29,-0.2,-0.98
38504,0.29,-0.19,-0.97
38525,0.29,-0.2,-0.96
38546,0.29,-0.2,-0.96
38567,0.29,-0.2,-0.96
38588,0.29,-0.2,-0.97
38609,0.29,-0.19,-0.97
38630,0.31,-0.22,-0.98
38651,0.31,-0.22,-0.99
38672,0.31,-0.23,-0.99
38693,0.3,-0.25,-0.99
38714,0.32,-0.25,-0.99
38735,0.32,-0.25,-0.98
38756,0.33,-0.26,-0.99
38777,0.32,-0.26,-0.97
38798,0.32,-0.26,-0.97
38819,0.3,-0.26,-0.96
38840,0.3,-0.26,-0.96
38861,0.3,-0.26,-0.95
38882,0.31,-0.26,-0.95
38903,0.31,-0.27,-0.96
38924,0.31,-0.27,-0.95
38945,0.31,-0.27,-0.95
38966,0.31,-0.27,-0.94
38987,0.32,-0.28,-0.95
39008,0.33,-0.28,-0.94
39029,0.32,-0.27,-0.94
39050,0.32,-0.26,-0.94
39071,0.33,-0.26,-0.95
39092,0.33,-0.27,-0.94
39113,0.33,-0.26,-0.94
39134,0.31,-0.27,-0.95
39155,0.3,-0.27,-0.95
39176,0.29,-0.28,-0.95
39197,0.29,-0.29,-0.94
39218,0.3,-0.29,-0.95
39239,0.29,-0.32,-0.95
39260,0.34,-0.33,-0.95
39281,0.31,-0.33,-0.95
39302,0.32,-0.33,-0.95
39323,0.34,-0.33,-0.96
39344,0.34,-0.33,-0.96
39365,0.36,-0.32,-0.96
39386,0.36,-0.31,-0.96
39407,0.34,-0.31,-0.95
39428,0.33,-0.31,-0.95
39449,0.33,-0.31,-0.94
39470,0.32,-0.31,-0.94
39491,0.32,-0.31,-0.93
39512,0.34,-0.31,-0.93
39533,0.32,-0.32,-0.94
39554,0.32,-0.32,-0.96
39575,0.32,-0.31,-0.96
39596,0.34,-0.3,-0.97
39617,0.33,-0.3,-0.97
39638,0.31,-0.29,-0.97
